<fonts>
	<author>Peared</author>
	<font background="0x202020" bold="1" color="0xDCE1E6" font="Consolas" size="10" style="5" italic="0" strikeout="0" underline="0"></font>
	<font background="0x3A3A3A" style="33" color="14409958"></font>
	<font code="2069" color="0x3A3A3A"></font>
	<name>Ambiance</name>
	<font style="13" color="0xD8845D" background="0x3A001F"></font>
	<font style="3" color="0x00FF5D" background="0x006305"></font>
	<font style="1" color="0xFD9726" bold="0" font="Consolas" italic="1" size="10" strikeout="0" underline="0"></font>
	<font style="2" color="0x376FFF"></font>
	<font style="4" color="0x00DBE6"></font>
	<font style="15" color="0x6EA7FF"></font>
	<font style="18" color="0x00AB12"></font>
	<font style="19" color="0x00B7E6"></font>
	<font style="20" color="0xCC997B"></font>
	<font style="24" color="0x98859B"></font>
	<font style="23" color="0x2B34FF"></font>
	<font style="40" color="0x00F4F4"></font>
	<font style="41" color="0x12F8FF"></font>
	<font style="42" color="0x93FFF0"></font>
	<highlight>
		<list1 list="1">custom list</list1>
	</highlight>
	<font style="22" color="0x3390FF"></font>
	<font style="21" color="0x00B3BD"></font>
	<font style="11" color="0x5E7175" bold="0" font="Consolas" italic="1" size="10" strikeout="0" underline="0"></font>
	<font style="17" color="0x9A93EB"></font>
	<font bool="1" code="2068" color="0x3E4849"></font>
	<font bool="1" code="2067" color="12910521"></font>
	<font code="2098" color="0x4E5460"></font>
	<font code="2188" value="1"></font>
	<font code="2600" color="13238207"/><indicator indic="3"/><font code="2601" color="9211020"/></fonts>
