<?xml version="1.0"?>
<fonts>
	<author>bgmCoder</author>
	<font background="15727867" bold="0" color="0" font="Consolas" size="10" style="5" italic="0" strikeout="0" underline="0"></font>
	<font background="14740459" style="33" color="12632256"></font>
	<font code="2069" color="0xFF8080"></font>
	<name>bgmCoder</name>
	<font style="13" color="0x2929EF" bold="0"></font>
	<font style="3" color="4227327" bold="0"></font>
	<font style="1" color="10066329" italic="1" bold="0"></font>
	<font style="2" color="128" italic="0" bold="0"></font>
	<font style="4" color="16711808"></font>
	<font style="15" color="8421376"></font>
	<font style="18" color="16711935"></font>
	<font style="19" color="14851357" italic="0"></font>
	<highlight>
		<list1 list="1">custom list</list1>
	</highlight>
	<font style="22" color="16744576"></font>
	<font style="21" color="14851357" italic="0"></font>
	<font style="11" color="10066329" bold="0" italic="1" size="10" strikeout="0" underline="0"></font>
	<font style="17" color="8421631" italic="0" bold="1"></font>
	<font bool="1" code="2068" color="14024703"></font>
	<font bool="1" code="2067" color="5723991"></font>
	<font code="2098" color="12189692"></font>
	<font style="20" color="16711808" italic="1"></font>
	<font style="23" color="255" italic="0" bold="1"></font>
	<font style="24" color="16744576"></font>
	<font style="9" color="0x4B9AFB"></font>
	<font style="8" color="0x00AAFF"></font>
	<font style="10" color="0x2929EF"></font>
	<font code="2082"></font>
	<font style="34" bold="1" color="255" italic="0" size="10" strikeout="0" underline="0" background="15727867" font="Consolas"></font>
	<font style="55" color="16711680" bold="1"></font>
	<font style="57" color="14851357" bold="1"></font>
	<font style="41" color="16711935"></font>
	<font style="56" color="12615680" bold="1"></font>
	<font style="58" color="14851357"></font>
	<font style="40" color="8388863"></font>
	<font style="42" color="255" bold="1" italic="1"></font>
	<fold color="11063767" background="10066329"></fold>
</fonts>