<fonts>
	<name>Candy Swamp</name>
	<author>AfterLemon</author>
	<font background="2499614" bold="0" color="3538741" font="Droid Sans Mono" size="10" style="5" italic="0" strikeout="0" underline="0"></font>
	<font background="2499614" style="33" color="3538741" bold="0" italic="0"></font>
	<font style="0" color="12632256" size="10"></font>
	<font style="1" color="16755370" bold="0" italic="1" size="10" strikeout="0" underline="0"></font>
	<font style="2" color="13500213"></font>
	<font style="3" color="33023"></font>
	<font style="4" color="43520" size="10"></font>
	<font style="11" color="16755370" bold="0" italic="0" size="10" strikeout="0" underline="0"></font>
	<font style="13" color="3487231"></font>
	<font style="15" color="12110995"></font>
	<font style="17" color="12615680"></font>
	<font style="18" color="13948116"></font>
	<font style="19" color="16760704"></font>
	<font style="21" color="16738357"></font>
	<font style="22" color="16760704"></font>
	<font style="37" color="4227327"></font>
	<font bool="1" code="2068" color="5592320"></font>
	<font code="2069" color="16777215"></font>
	<font code="2098" color="4670520"></font>
	<font code="2601" color="3486997"></font>
	<font style="20" color="10106367"></font>
	<font style="24" color="65535"></font>
	<font style="23" color="12615680"></font>
	<font style="9" color="11184810"></font>
	<font style="8" color="9737364"></font>
	<font style="10" color="255"></font>
	<font style="16" color="5741559"></font>
	<font style="55" color="12615680"></font>
	<font style="56" color="65535"></font>
	<font style="57" color="16744576"></font>
	<font style="58" color="8388863"></font>
	<font style="41" color="16776960"></font>
	<font style="40" color="65408"></font>
	<font style="42" color="0"></font>
	<font style="30"></font>
	<font style="31"></font>
	<font code="2188" value="1"></font>
	<font style="48"></font>
	<custom control="msctls_statusbar321" gui="1" bold="0" color="0" font="Droid Sans Mono" italic="0" size="10" strikeout="0" underline="0"></custom>
	<font style="34" bold="0" color="8388863" italic="0" size="12" strikeout="0" underline="0" font="Droid Sans Mono"></font>
	<font style="97" color="8421504"></font>
	<font style="99" color="16744576"></font>
	<custom control="SysTreeView322" gui="1" bold="0" color="65280" font="Droid Sans Mono" italic="0" size="12" strikeout="0" underline="0" background="2499614"></custom>
	<custom control="SysTreeView321" gui="1" bold="0" color="65280" font="Droid Sans Mono" italic="0" size="12" strikeout="0" underline="0"></custom>
	<find qfb="2499614" tb="2499614" tf="2499614"></find>
	<indicator indic="3"></indicator>
	<fold color="2499614" background="12632256"></fold>
	<font style="59" color="5636095"></font>
</fonts>