<fonts>
	<author>Peared</author>
	<font background="0x191919" bold="0" color="0x928365" font="Consolas" size="10" style="5" italic="0" strikeout="0" underline="0"></font>
	<font background="0x232323" style="33" color="0x929285"></font>
	<font code="2069" color="0x292929"></font>
	<name>Clouds Midnight</name>
	<font style="13" color="0x658392"></font>
	<font style="3" color="0xCD905D"></font>
	<font style="1" color="0x32403C" bold="0" font="Consolas" italic="1" size="10" strikeout="0" underline="0"></font>
	<font style="2" color="0xFDE0DF"></font>
	<font style="4" color="0x3C443C"></font>
	<font style="15" color="0xECF1FF"></font>
	<font style="18" color="0x547C92"></font>
	<font style="17" color="0x5D7C92"></font>
	<font style="19" color="0x5D7C92"></font>
	<font style="20" color="0x929292"></font>
	<font style="24" color="0x928365"></font>
	<font style="23" color="0x4A8639"></font>
	<font style="40" color="0x306000"></font>
	<font style="41" color="0x306000"></font>
	<font style="42" color="0x306000" background="0x232323"></font>
	<font style="57" color="0x5D7C92"></font>
	<font style="58" color="0x2E2ECD"></font>
	<highlight>
		<list1 list="1">custom list</list1>
	</highlight>
	<font style="22" color="0x272EE9"></font>
	<font style="21" color="0x4B4B4B"></font>
	<font style="97" color="0xA1CAFF"></font>
	<font style="98" color="0xA1CAFF"></font>
	<font style="99" color="0xA1CAFF"></font>
	<font style="11" color="0x3B403C" bold="0" font="Consolas" italic="1" size="10" strikeout="0" underline="0" background="0x191919"></font>
	<font bool="1" code="2068" color="0x292929"></font>
	<font bool="1" code="2067" color="0x859292"></font>
	<font code="2098" color="0xCD905D"></font>
	<font code="2188" value="2"></font>
	<font code="2601" color="11908533"/><font code="2600" color="3552822"/></fonts>
