<?xml version="1.0"?>
<fonts>
	<author>maestrith</author>
	<font background="0" bold="0" color="8421504" font="Consolas" size="10" style="5" italic="0" strikeout="0" underline="0"></font>
	<font background="8388672" style="33" color="16744448"></font>
	<font code="2069" color="16744576"></font>
	<font color="11184810" style="1" bold="1" italic="0" size="10" strikeout="0" underline="0" background="0"></font>
	<font color="65280" style="2"></font>
	<font color="16711680" style="3" bold="1" italic="0" size="10" strikeout="0" underline="0" background="0"></font>
	<font color="16744448" style="4"></font>
	<font color="65535" style="7" background="0" bold="1" italic="0" size="12" strikeout="0" underline="0"></font>
	<font color="8421376" style="9" background="0" bold="1" italic="0" size="10" strikeout="0" underline="0"></font>
	<font color="0" style="10" background="255"></font>
	<font color="4210816" style="11"></font>
	<font color="16744576" style="12" background="0" bold="1" italic="0" size="12" strikeout="0" underline="0"></font>
	<name>Dark</name>
	<font style="21" color="255"></font>
	<font style="24" color="16711808"></font>
	<font style="17" color="12615808"></font>
	<font style="22" color="32768"></font>
	<font style="23" color="8421376"></font>
	<font style="18" color="4227327"></font>
	<font style="19" color="16777088"></font>
	<font style="20" color="4259584"></font>
	<font style="15" color="8388736"></font>
	<font style="8" color="16744576"></font>
	<font style="40" color="16711808"></font>
	<font style="41" color="8421376"></font>
	<font style="42" color="0" background="255"></font>
</fonts>
