<fonts>
<author>budRich</author>
<name>HatOfGod</name>
<font background="1250065" bold="1" color="11258827" font="Bitstream Vera Sans Mono" size="12" style="5" italic="0" strikeout="0" underline="0"/>
<font background="1250065" style="33" color="6974058"/>
<font code="2069" color="16777215"/>
<font style="11" color="0xBBBBBB" font="Consolas" italic="1" bold="0"/>
<font style="13" color="255" font="Consolas" italic="0" bold="0"/>
<font style="3" color="0xBBBBBB" font="Consolas" bold="0"/>
<font style="1" color="0x888888" font="Consolas" italic="1" size="12" bold="0"/>
<font style="2" color="0x1F97FD" bold="1" font="Consolas"/>
<font style="4" color="12623600"/>
<font style="15" color="0xEBC097"/>
<font bool="1" code="2067" color="0"/>
<font style="17" color="3067558"/>
<font style="18" color="12623600"/>
<font style="20" color="13617276" italic="1"/>
<font style="19" color="5741559"/>
<font style="23" color="6895298" italic="1"/>
<font style="22" color="13617276"/>
<font style="24" color="14257611"/>
<font style="21" color="57599" bold="0"/>
<font style="9" color="13617276"/>
<font style="8" color="12623600"/>
<font style="10" color="206"/>
</fonts>