<fonts>
	<author>Uberi</author>
	<font background="0xD8D8DC" bold="1" color="2703962" font="Tahoma" size="12" style="5" italic="0" strikeout="0" underline="0"></font>
	<font background="0xA0B3C2" style="33" color="0"></font>
	<font code="2069" color="16744576"></font>
	<name>Muted_Light</name>
	<font style="13" color="0x800080" background="0xB1B1E9"></font>
	<font style="3" color="0x800080"></font>
	<font style="1" color="0x499300"></font>
	<font style="2" color="0"></font>
	<font style="4" color="0xAFA600"></font>
	<font style="15" color="0x2D8BAA"></font>
	<font style="18" color="0xB30000"></font>
	<font style="19" color="0x0000AE"></font>
	<highlight>
		<list1 list="1">custom list</list1>
	</highlight>
	<font style="22" color="8388863"></font>
	<font style="21" color="4194432"></font>
</fonts>