<fonts>
	<author>Peared</author>
	<font background="0x512400" bold="0" color="16513792" font="Consolas" size="10" style="5" italic="0" strikeout="0" underline="0"></font>
	<font background="0x4B2000" style="33" color="0xB58873"></font>
	<font code="2069" color="0x2056FF"></font>
	<name>Night Blue</name>
	<font style="13" color="0xAFC9FF" background="0x6E3400"></font>
	<font style="3" color="0xA9F1D1" background="0x512400"></font>
	<font style="1" color="0x8FC5FF" bold="0" font="Consolas" italic="1" size="10" strikeout="0" underline="0"></font>
	<font style="2" color="0xFFFFFF"></font>
	<font style="4" color="11009796"></font>
	<font style="15" color="0xFFDF8E"></font>
	<font style="18" color="0xFFBBEB"></font>
	<font style="17" color="0xCDBBEB"></font>
	<font style="19" color="0xFFA381"></font>
	<font style="20" color="0x7C89FF"></font>
	<font style="24" color="0x8FC5FF"></font>
	<font style="23" color="0xFFBBB7"></font>
	<font style="40" color="0xD1F6FF" background="0x6E3400"></font>
	<font style="41" color="0xD1F6FF" background="0x6E3400"></font>
	<font style="42" color="0xD1F6FF" background="0x6E34000"></font>
	<font style="57" color="0xFFDABB"></font>
	<font style="58" color="0xFFDABB"></font>
	<highlight>
		<list1 list="1">custom list</list1>
	</highlight>
	<font style="22" color="0xEEDABB"></font>
	<font style="21" color="0x72AEFF"></font>
	<font style="97" color="0xA3EA8F"></font>
	<font style="98" color="0xA3EA8F"></font>
	<font style="99" color="0xA3EA8F"></font>
	<font style="11" color="0xB78572" bold="0" font="Consolas" italic="1" size="10" strikeout="0" underline="0" background="0x512400"></font>
	<font bool="1" code="2068" color="8870742"></font>
	<font bool="1" code="2067" color="0xECE000"></font>
	<font code="2098" color="0xA9F1D1"></font>
	<font code="2188" value="2"></font>
	<custom control="msctls_statusbar321" gui="1" bold="1" color="32896" font="Consolas" italic="0" size="12" strikeout="0" underline="0"></custom>
	<font code="2601" color="15190474"/><font code="2600" color="8026746"/></fonts>
