<fonts>
	<author>Peared</author>
	<font background="0x362B00" bold="0" color="13750731" font="Consolas" size="10" style="5" italic="0" strikeout="0" underline="0"></font>
	<font background="0x3F3101" style="33" color="0xF7EDD0"></font>
	<font code="2069" color="0x2056FF"></font>
	<name>Solarized Dark</name>
	<font style="13" color="0x899BFF" background="0x4A411A"></font>
	<font style="3" color="0x837B65" background="0x3F3101"></font>
	<font style="1" color="0xD28B1F" bold="0" font="Consolas" italic="1" size="10" strikeout="0" underline="0"></font>
	<font style="2" color="12303280"></font>
	<font style="4" color="0x009985"></font>
	<font style="15" color="0xDCE7FF"></font>
	<font style="18" color="0x009985"></font>
	<font style="17" color="167634"></font>
	<font style="19" color="0x008643"></font>
	<font style="20" color="0xD27A12"></font>
	<font style="24" color="0x95BDFF"></font>
	<font style="23" color="1619559"></font>
	<font style="40" color="9699292" background="0x3F3101"></font>
	<font style="41" color="9699292" background="0x3F3101"></font>
	<font style="42" color="0xDBFFF3" background="0x3F3101"></font>
	<font style="57" color="0x7EA17A"></font>
	<font style="58" color="0xD28B26"></font>
	<highlight>
		<list1 list="1">custom list</list1>
	</highlight>
	<font style="22" color="0xD3E8FF"></font>
	<font style="21" color="12048639"></font>
	<font style="97" color="0xA1A162"></font>
	<font style="98" color="0xA1A162"></font>
	<font style="99" color="0xA1A162"></font>
	<font style="11" color="0x9DFFC5" bold="0" font="Consolas" italic="1" size="10" strikeout="0" underline="0" background="0x362B00"></font>
	<font bool="1" code="2068" color="0x3E4849"></font>
	<font bool="1" code="2067" color="0xECE000"></font>
	<font code="2098" color="0x074BFF"></font>
	<font code="2188" value="2"></font>
	<custom control="msctls_statusbar321" gui="1" bold="1" color="32896" font="Consolas" italic="0" size="12" strikeout="0" underline="0"></custom>
	<font code="2601" color="11908533"/><font code="2600" color="3223857"/></fonts>
