<fonts>
	<author>Peared</author>
	<font background="0xE3F6FD" bold="0" color="0x756E58" font="Consolas" size="10" style="5" italic="0" strikeout="0" underline="0"></font>
	<font background="0xD3F1FB" style="33" color="0x33508B"></font>
	<font code="2069" color="0xC8D8DA"></font>
	<name>Solarized Light</name>
	<font style="13" color="0x836E58" background="0xE3F6FD"></font>
	<font style="3" color="0x2F4B00" background="0xE3F6FD"></font>
	<font style="1" color="0xD28B49" bold="0" font="Consolas" italic="1" size="10" strikeout="0" underline="0"></font>
	<font style="2" color="0x756E58"></font>
	<font style="0" color="0x756E58" background="0xE3F6FD"></font>
	<font style="4" color="0x756E86"></font>
	<font style="15" color="0x756E58"></font>
	<font style="18" color="0x00A3B0"></font>
	<font style="17" color="0x009985"></font>
	<font style="19" color="0x75809D"></font>
	<font style="20" color="0xD28B26"></font>
	<font style="24" color="0x916E58"></font>
	<font style="23" color="0x009993"></font>
	<font style="40" color="0x756E6F" background="0xD5E8EE"></font>
	<font style="41" color="0x756E6F" background="0xE3F6FD"></font>
	<font style="42" color="0x756E6F" background="0xE3F6FD"></font>
	<font style="57" color="0xD69EC7"></font>
	<font style="58" color="0xB9458B"></font>
	<highlight>
		<list1 list="1">custom list</list1>
	</highlight>
	<font style="22" color="0xD28B26"></font>
	<font style="21" color="0xD28B26"></font>
	<font style="97" color="0x004EB5"></font>
	<font style="98" color="0x004EB5"></font>
	<font style="99" color="0x004EB5"></font>
	<font style="11" color="0x0042B2" bold="0" font="Consolas" italic="1" size="10" strikeout="0" underline="0" background="0xD3F1FB"></font>
	<font bool="1" code="2068" color="0xD5E5E7"></font>
	<font bool="1" code="2067" color="5990495"></font>
	<font code="2098" color="0xA9F1D1"></font>
	<font code="2188" value="2"></font>
	<font code="2601" color="7769948"/><font code="2600" color="14016203"/></fonts>
