<fonts>
	<author>Peared</author>
	<font background="0xFFFFFF" bold="1" color="0x00005D" font="Consolas" size="10" style="5" italic="0" strikeout="0" underline="0"></font>
	<font background="0xEBEBEB" style="33" color="0x333333"></font>
	<font code="2069" color="0x3A3A3A"></font>
	<name>SQL Server</name>
	<font style="13" color="0x0000FF" background="0xDCDCDC"></font>
	<font style="3" color="0x0000FF" background="0xFFFFFF"></font>
	<font style="1" color="0x008F89" bold="0" font="Consolas" italic="1" size="10" strikeout="0" underline="0"></font>
	<font style="2" color="0x00002F"></font>
	<font style="4" color="0xAED6FF"></font>
	<font style="15" color="0x002EC8"></font>
	<font style="18" color="0xFF0000"></font>
	<font style="17" color="0xCE2800"></font>
	<font style="19" color="0xFF2F89"></font>
	<font style="20" color="0x958431"></font>
	<font style="24" color="0x0E9606"></font>
	<font style="23" color="0x003086"></font>
	<font style="40" color="0x000000" background="0xFFD5B5"></font>
	<font style="41" color="0x000000" background="0xFFD5B5"></font>
	<font style="42" color="0x000000" background="0xFFD5B5"></font>
	<font style="57" color="0x00286A"></font>
	<font style="58" color="0x005B8C"></font>
	<highlight>
		<list1 list="1">custom list</list1>
	</highlight>
	<font style="22" color="0xFF00FF"></font>
	<font style="21" color="0x7F97FD"></font>
	<font style="97" color="0xAE8F80"></font>
	<font style="98" color="0xAE8F80"></font>
	<font style="99" color="0xAE8F80"></font>
	<font style="11" color="0x5E7175" bold="0" font="Consolas" italic="1" size="10" strikeout="0" underline="0" background="0xEBEBEB"></font>
	<font style="17" color="0x9A93EB"></font>
	<font bool="1" code="2068" color="9872807"></font>
	<font bool="1" code="2067" color="0xECE000"></font>
	<font code="2098" color="0x4E5460"></font>
	<font code="2188" value="1"></font>
	<font code="2601" color="6052956"/><font code="2600" color="12632256"/></fonts>
