<fonts>
	<name>Sublime Text</name>
	<author>zotune (originally made by Nikolay Samusik for Sublime Text)</author>
	<font background="2238503" bold="0" color="0xF2F8F8" font="Consolas" size="10" style="5" italic="0" strikeout="0" underline="0"></font>
	<font background="2238503" style="33" color="9080975"></font>
	<font style="1" color="6189429" bold="0" italic="1" size="10" strikeout="0" underline="0"></font>
	<font style="2" color="16744878"></font>
	<font style="3" color="0x74DBE6"></font>
	<font style="4" color="7481081"></font>
	<font style="11" color="6189429" bold="0" italic="1" size="10" strikeout="0" underline="0"></font>
	<font style="13" color="0xF2F8F8"></font>
	<font style="15" color="7481081"></font>
	<font style="17" color="15718748"></font>
	<font style="18" color="5954534"></font>
	<font style="19" color="15718748"></font>
	<font style="21" color="7481081"></font>
	<font style="22" color="3072678"></font>
	<font style="37" color="9080975"></font>
	<font bool="1" code="2068" color="0x92E7FF"></font>
	<font code="2069" color="16777215"></font>
	<font code="2098" color="1909025"></font>
	<font code="2601" color="0x222827"></font>
	<font style="20" color="15718748"></font>
	<font style="24" color="7481081"></font>
	<font style="23" color="7481081"></font>
	<font style="9" color="11184810"></font>
	<font style="8" color="9737364"></font>
	<font style="10" color="255"></font>
	<font style="16" color="0x7226F9"></font>
	<font style="40" color="16777215"></font>
	<font style="42" color="16777215"></font>
	<font code="2082"></font>
	<font style="55" color="3072678"></font>
	<font style="56" color="15718748"></font>
	<font style="57" color="3072678"></font>
	<font style="58" color="3072678"></font>
	<font style="41" color="7481081"></font>
	<font style="30" background="0x7226F9"></font>
	<font code="2188" value="1"></font>
	<custom control="SysTreeView322" gui="1" bold="0" color="15923448" font="Calibri" italic="0" size="10" strikeout="0" underline="0" background="0x222827"></custom>
	<custom control="SysTreeView321" gui="1" background="0xE6E6E6" bold="0" color="0" font="Calibri" italic="0" size="10" strikeout="0" underline="0"></custom>
	<fold color="0x222827" background="0x8A908F"></fold>
	<font background="0x2EE2A6" style="31"></font>
	<font background="0xFFFFFF" style="48"></font>
	<indicator indic="3" background="0x8A908F"></indicator>
	<font style="97" color="0x7226F9"></font>
	<font style="99" color="0x7226F9"></font>
	<font bool="1" code="2067" color="0x222827"></font>
	<font style="34" background="2238503" bold="0" color="0xF2F8F8" font="Consolas" italic="0" size="10" strikeout="0" underline="0"></font>
	<font code="2600" color="0xFFFFFF"></font>
</fonts>
