<fonts>
	<author>Peared</author>
	<font background="0x000000" bold="0" color="0xDEDEDE" font="Consolas" size="10" style="5" italic="0" strikeout="0" underline="0"></font>
	<font background="0x05001A" style="33" color="0xB4823F"></font>
	<font code="2069" color="0x009900"></font>
	<name>Terminal</name>
	<font style="13" color="0xC2DEC2"></font>
	<font style="3" color="0x4ACA88"></font>
	<font style="1" color="0x003BFF" bold="0" font="Consolas" italic="1" size="10" strikeout="0" underline="0"></font>
	<font style="2" color="0x00006C"></font>
	<font style="4" color="0xC2DEDE"></font>
	<font style="15" color="0x0045FF"></font>
	<font style="18" color="0x2654FF"></font>
	<font style="17" color="0x4763F0"></font>
	<font style="19" color="0x4763F0"></font>
	<font style="20" color="0x162CC5"></font>
	<font style="24" color="0x2278E7"></font>
	<font style="23" color="0x4763F0"></font>
	<font style="40" color="0x4ACAB9"></font>
	<font style="41" color="0x4ACAB9"></font>
	<font style="42" color="0x4ACAB9" background="0x424242"></font>
	<font style="57" color="0xDA7E35"></font>
	<font style="58" color="0xDA7E35"></font>
	<highlight>
		<list1 list="1">custom list</list1>
	</highlight>
	<font style="22" color="0xDAA67A"></font>
	<font style="21" color="0x458CE7"></font>
	<font style="97" color="0x4A9956"></font>
	<font style="98" color="0x4A9956"></font>
	<font style="99" color="0x4A9956"></font>
	<font style="11" color="0x003BCE" bold="0" font="Consolas" italic="1" size="10" strikeout="0" underline="0" background="0x000000"></font>
	<font bool="1" code="2068" color="0x424242"></font>
	<font bool="1" code="2067" color="0x009900"></font>
	<font code="2098" color="0x4A9956"></font>
	<font code="2188" value="2"></font>
	<font style="0"/><font code="2601" color="9276813"/><font code="2600" color="3355443"/></fonts>
