﻿<?xml version="1.0"?>
<fonts>
	<name>Zenburn_dark</name>
	<author>Run1e</author>
	<font background="3158064" bold="0" color="16777215" font="Consolas" size="10" style="5" italic="0" strikeout="0" underline="0"></font>
	<font background="3355443" style="33" color="15000804"></font>
	<font style="0" color="13495789"></font>
	<font style="1" color="8363903" bold="0" italic="1" size="10" strikeout="0" underline="0"></font>
	<font style="2" color="8421616"></font>
	<font style="3" color="8816334" bold="0"></font>
	<font style="4" color="16777215"></font>
	<font style="11" color="8363903" bold="0" italic="1" size="10" strikeout="0" underline="0"></font>
	<font style="13" color="255" background="0"></font>
	<font style="15" color="12110995"></font>
	<font style="17" color="9749720"></font>
	<font style="18" color="16777215"></font>
	<font style="19" color="16758590"></font>
	<font style="21" color="9749720"></font>
	<font style="22" color="16759366"></font>
	<font style="37" color="13495789"></font>
	<font bool="1" code="2067" color="0xFFFFFF"></font>
	<font bool="1" code="2068" color="0x5e0000"></font>
	<font code="2069" color="16777215"></font>
	<font code="2098" color="4473924"></font>
	<font code="2600" color="15450263"></font>
	<font code="2601" color="6160384"></font>
	<font style="20" color="16759366" italic="1"></font>
	<font style="24" color="15458669"></font>
	<font style="23" color="9749720"></font>
	<font style="9" color="11184810"></font>
	<font style="8" color="9737364"></font>
	<font style="10" color="255" background="0"></font>
	<font style="16" color="5741559"></font>
	<font style="57" color="16733551" italic="1"></font>
	<font style="58" color="2038527" italic="1"></font>
	<fold color="4934475" background="6381921"></fold>
	<font code="2082" color="6579300"></font>
	<font style="61"></font>
	<font style="55" color="9749720"></font>
	<font code="2188" value="2"></font>
	<custom control="SysTreeView321" gui="1" color="16777215"></custom>
	<custom control="msctls_statusbar321" gui="1" bold="0" color="0" font="" italic="0" size="12" strikeout="0" underline="0"></custom>
</fonts>
